Category,Topic,Author,Date of Upload,Views,Usefulness Grade,Overall Score (6-9.85),Assistant Comment,Tools Used
AI & Auditing,AI EI – Where Artificial Intelligence Meets Emotional Intelligence,CA. Rupal Garg,2025-10-23,51.0,OK,7.17,"OK: Traditional client management tools capture data but miss the emotional context in professional communication, risking client trust. | An empathetic tool using NLP and Sentiment Analysis on chat data to detect tone, analyze emotions (str…","NLP, Sentiment Analysis, AI Tool."
AI & Audit,Secured Board-Pack/CXO Pack - Auto Compose Engine,CA Rishi Arora,2025-10-21,92.0,OK,7.16,"OK: Finance teams spend excessive manual time pulling, cleaning, and formatting data for board packs, leading to delays and inconsistency. | Automated workflow that extracts financials via API, applies redaction, generates commentary, and as…","n8n (workflow orchestration), QuickBooks API, Google Apps Script."
AI & Auditing,Streamlining GST Compliance: A Deep Dive into the GSTR-2B Reconciliation Tool,CA Ambar Miringkar,2025-10-21,89.0,Useful,8.02,"Useful: Manual GSTR-2B reconciliation is time-consuming, error-prone, and can result in incorrect Input Tax Credit (ITC) claims. | A standalone desktop application with an Advanced 3-Tier Reconciliation Engine (Exact, Partial, Fuzzy Matching) to…","Desktop Application, Advanced Algorithms (Fuzzy Matching)."
AI & Auditing,GEM COMMAND — MASTER ASSISTANT FOR CA PROFESSIONALS –How to Use Gemini Gem For Repetitive Tasks?,CA Himanshu Rastogi,2025-10-21,70.0,Useful,7.67,Useful: Routine and repetitive tasks consume significant time for CA professionals. | Uses Google Gemini as a master assistant to automate repetitive tasks via natural language commands and execution.,"Google Gemini (Gem), Natural Language Processing."
AI & Auditing,AI Ready CA – AI Readiness Navigator: Comprehensive Technical and Professional Summary,CA. Ranjan Singhal,2025-10-21,66.0,Useful,7.85,"Useful: CA firms struggle to assess their preparedness for AI adoption, privacy, and data maturity due to the lack of specialized, non-generic fr… | A readiness-assessment navigator that evaluates preparedness across five key pillars and generat…","OpenAI GPT-4o, Next.js, TypeScript, Chart.js."
AI & Audit Automation,AI-Powered Integrated EPM - Finance & Operations Simulation Framework,CA. SURYAKIRON EMANI,2025-10-21,192.0,Useful,8.61,"Useful: Enterprises face fragmented visibility across Finance, Supply Chain, and Operations data, complicating planning and forecasting. | A unified Enterprise Performance Management (EPM) framework that connects transactional data into a single…","Python ETL (Extract, Transform, Load), Streamlit."
AI & Auditing,AI Contract Analyzer,CA Gyati Gupta,2025-10-21,123.0,OK,6.7,"OK: Manually analyzing legal contracts for hidden risks, compliance gaps, or unfair clauses is time-consuming and prone to human error. | An AI-powered application that automatically scans PDF/Word documents to identify and highlight key cla…",Opal Platform (Google's no-code/low-code AI platform).
AI & Consulting,PDF Editing and Redaction Tool,CA Manish Kumar,2025-10-21,92.0,Useful,7.94,"Useful: Professionals need a secure way to edit and permanently redact sensitive information from PDFs without relying on expensive or cloud-base… | An intuitive, fully offline tool for secure document editing, annotation, merging, and pixel-lev…","Python, PyMuPDF (fitz), Tkinter / PyQt."
AI & Auditing,AUTOMATED GST KNOWLEDGE REPOSITORY: Building a Personal AI-Powered Legal Database with Python and NotebookLM,CA. Tapas Rupareli,2025-10-13,333.0,Useful,8.32,"Useful: GST practitioners struggle with manually tracking and searching 250+ circulars and face the risk of AI hallucination with general tools. | A system where Python scripts automate web scraping/downloading of GST circulars, which are then u…","Python (Requests, BeautifulSoup, Pandas), Google NotebookLM."
AI & Auditing,AI-Assisted Excel Based Macro Tool for Reconciliation of Sales reported in GSTR1 and those accounted in Books of account,CA. V. BALARAM KUMAR,2025-10-13,302.0,OK,6.84,"OK: Manual reconciliation of sales reported in GSTR-1 with accounting books is time-consuming and risks non-compliance. | An Excel-based macro tool that automates matching, extracts mismatches, and categorizes discrepancies using intelligent…","MS Excel, VBA Macro, ChatGPT/Perplexity (for code generation), Fuzzy Matching."
AI & Forensic Accounting,AI in Audit and Automation: Transforming How Chartered Accountants Work,CA Siddharth Shah,2025-10-13,275.0,Highly Useful,8.84,"Highly Useful: CAs need practical, privacy-conscious tools for common audit tasks (PDF handling, vendor management, inventory sampling). | A presentation showcasing three distinct, locally deployable tools built in Python for PDF processing, Vendor Mas…","Python, Streamlit, PyMuPDF, Pandas, NumPy."
AI & Auditing,AuditGPT – The AI-Powered Audit Intelligence Assistant (CA Brain),CA. Umang Shah,2025-10-13,229.0,Useful,8.08,"Useful: Manually identifying the applicability of various laws, standards, and compliance clauses (SAs, CARO, ICDS) during an audit is time-consu… | A hybrid AI system that accepts Trial Balances and uses rule-based logic to instantly map the ap…","Rule-based logic, ChatGPT, Python."
AI & Audit Automation,Financial forecasting tool using historical data and other variables,CA. Shilpa Susan Kuriachan,2025-10-13,191.0,OK,7.43,"OK: Preparing financial projections requires complex analysis of historical data and external variables, which is challenging in traditional … | A tool using a Python script integrated with Excel to run a SARIMAX time-series model. It cleans…","Python, SARIMAX model, Excel Macro, ChatGPT-5."
AI & Auditing,Automation of Statutory Compliance Tracking in CA Practice,CA Amit Jain,2025-10-07,448.0,OK,7.07,"OK: Managing multiple due dates, constant client follow-ups, work allocation, and status tracking consumes significant time and increases com… | A comprehensive Compliance Automation System built on MS Excel/VBA that auto-creates calendars, …","MS Excel, Power Query, VBA, MS Outlook."
AI & Auditing,Custom GST GPT -GST Guide,CA Mohit Gaba,2025-10-07,319.0,Useful,8.0,Useful: Generic GPTs often hallucinate legal content and lack the structured format required for submission-ready replies to GST notices. | A specialized Custom GPT trained on curated GST laws that uses Structured JSON Prompts to draft replies i…,"Custom GPT (ChatGPT), JSON Prompts, Curated Knowledge Base."
AI & Machine Learning,Shipping Bill Reader,CA Kunika Agrawal,2025-10-07,296.0,Highly Useful,9.29,"Highly Useful: Manually extracting multiple data points (FOB value, IGST, Drawback) from a high volume of Shipping Bills (PDFs) is time-consuming and er… | A Python script (AI-enabled automation tool) that reads details from N-number of PDF Shipping Bi…","Python script, ChatGPT (for code generation)."
AI & Data Science,AI Use Case Submission: AI-Powered Income Tax Calculator,CA Anshu Agarwal,2025-10-07,253.0,OK,7.21,"OK: Taxpayers and CAs need to quickly and accurately compare income tax liability under the Old and New Regimes, including complex calculatio… | A browser-based application (HTML/JS) that provides structured, step-by-step tax computation und…","ICAI AI Agent, Claude/ChatGPT (for logic/code), Browser-based App."
AI & Data Management,FORENSIC AUDIT ANALYSIS - BANK STATEMENTS,CA. Hemal Doshi,2025-10-07,236.0,Useful,8.27,"Useful: Forensic audits require analyzing bank statements, which is a key part of financial misconduct analysis. | An AI/ML tool used to analyze and categorize transactions, identify anomalies, and perform pattern recognition in raw bank stateme…","AI/ML Models, Python (Likely)."
AI & Digital Transformation,Smart Expense Booking Automation,CA Dhiyanesh V,2025-10-06,250.0,Useful,7.86,Useful: Manual processing of expense reports submitted via email and receipts is inefficient. | An intelligent email-based workflow solution designed to streamline expense management by automating the process from submission to booking.,"Email Connectors, Automation/Workflow Engine."
AI & Foundation of Accounting,GST Rate Calculator,CA. Mayank Malhotra,2025-10-06,169.0,Useful,7.61,"Useful: Determining the correct GST rate when rates change is complex, specifically regarding the Time of Supply rules under Section 14 of the CG… | A web-based app that uses user inputs and applies Section 14 rules to determine the applicable G…","Claude.ai (for code generation), ChatGPT, NotebookLM, Web-based App."
AI & Auditing,Verify - Docs,CA Sumit Shrivastava,2025-10-06,141.0,Useful,8.04,"Useful: Professionals often need to compare two versions of a document (audit reports, legal files) to quickly identify changes or differences. | A tool that compares two versions of a document (likely Word or PDF) and highlights the differences…",NLP/Document Comparison Algorithms.
AI & Auditing,AI-Powered Compliance & Due Date Tracker for Chartered Accountants,CA. Beegam Shajahan Shabnam,2025-10-06,230.0,Useful,8.16,"Useful: Juggling multiple, variable due dates (GST, TDS, etc.) across dozens of clients, leading to missed deadlines and penalties. | A personalized compliance manager that generates a client-specific calendar based on the entity profile and sen…","Streamlit (Python), Pandas, Twilio API, OpenAI API."
AI & Data Analytics,Use Case: Responsible AI in Financial Oversight (Research Paper),CA. Shubhradeep Nandi,2025-10-06,180.0,OK,7.32,"OK: (Research paper on ethical AI) Addressing the ethical challenges and risks associated with deploying AI in financial oversight, focusing … | Outlining frameworks and methodologies for ensuring the ethical and responsible use of AI in fin…",Research-based concepts and ethical frameworks.
AI & Data Management,Bookkeeping & Financial Statements Process Automation Using Python and AI (Research Paper),CA. Anmol Lohia,2025-10-06,190.0,Highly Useful,8.94,"Highly Useful: (Research paper context) Addressing the need to automate manual, foundational accounting processes. | Focuses on leveraging Python and AI to automate the fundamental processes of bookkeeping and the generation of financial statements.","Python, OCR/NLP technologies."
AI & Data Management,NEXT-GEN CA PRACTICE: INTEGRATING LARGE LANGUAGE MODELS INTO COMPLIANCE AND ERP AUTOMATION ( Research Paper),CA Aashutosh Shahi),2025-10-06,190.0,OK,7.47,"OK: Compliance scrutiny and legal research are time-consuming, and current tools often lack contextual understanding and legal hierarchy. | Integration of LLMs (e.g., GPT-4 API) with ERP systems to automate ledger narration scrutiny, risk pr…","LLMs (GPT-4/Claude), ERP Integration, Hierarchical Retrieval Framework."
AI & Auditing,Automated Statutory Audit Report Generator,CA. Kalyana Sundaram Pathanjaleeswaran,2025-09-29,545.0,OK,6.89,"OK: Preparing statutory audit reports (including CARO 2020, Schedule III, Rule 11) is manual, repetitive, and carries a high risk of errors/o… | A structured Excel template with VBA that auto-generates a fully statutory-compliant audit repor…","MS Excel, VBA Macro, Standard Phrase Library."
AI & Consulting,SMART PDF REDACTION TOOL,CA. Vaibhav Balar,2025-09-29,417.0,OK,7.01,OK: Data privacy risks under the DPDP Act and the time-consuming/error-prone nature of manual PDF redaction. | An offline Smart PDF Redactor that uses intelligent Pattern Recognition (Regex) to automatically find and redact sensitive data (P…,"Pattern Recognition (Regex), PDF Redaction Engine, Local Processing."
AI & Data Management,“AI as Co-Pilot: Human-Commanded Automation for Smarter Decisions”,CA. Preksha Jain,2025-09-29,355.0,Useful,7.77,"Useful: Traditional CRMs rely on manual updates and encourage unethical push marketing, which is not suitable for CA practices. | An AI Co-Pilot CRM system with an Agentic AI that executes commands, automates lead generation ethically (pull-base…","n8n (Backend workflow), AI Agent, Lovable CRM Dashboard."
AI & Consulting,Excel Review in Forensic Investigations: A Practical AI-Enabled Tool,CA. Nagesh Mayakuntla,2025-10-13,285.0,Useful,7.86,"Useful: Forensic investigations require reviewing thousands of Excel files, often containing hidden data (rows/sheets) or misleading names, makin… | A Python-based tool that automatically unhides all data, scans file names and cell values for in…","Python, ChatGPT/Copilot/Gemini (for code assistance), Keyword Search Logic."
AI & Auditing,Automated FP&A Variance Analysis Dashboard with POWER BI,CA JAGJEET SINGH,2025-09-29,353.0,Useful,8.5,"Useful: Variance analysis (Budget vs. Actuals) is a manual, time-intensive process (3-5 days/month) and prone to calculation errors. | A real-time reporting system using Microsoft Power BI that automates data ingestion, applies Intelligent Varia…","Microsoft Power BI, DAX, Automated Data Ingestion."
AI & Audit Automation,Note on AI-Enabled Compliance Management Tool for CA Offices,CA. Santosh Nankani,2025-09-25,402.0,OK,6.59,"OK: CA offices need a secure, customizable, and efficient way to manage, track, and report all routine statutory compliances without external… | An AI-assisted Excel-VBA based software tool that operates offline, providing client master data…","Microsoft Excel, VBA, AI-Driven Customisation (via external LLMs)."
AI & Audit,Augmenting Legal Expertise: AI-Assisted Case Preparation with Human Oversight,CA. MUKESH SONI,2025-09-25,365.0,OK,7.35,"OK: Legal professionals spend days manually analyzing large case documents (assessment orders, appeals) to find key facts, issues, and timeli… | Leverages Google Notebook LM to automate data extraction (dates/events), generate chronological …","Google Notebook LM, AI Platform (Google), Multilingual Processing."
AI & Audit Automation,Excel assisting Financial Reporting,CA. Mohan Vydianathan,2025-09-25,331.0,OK,6.68,"OK: Generating management presentations and reports from raw data (CRM, HRM cubes) is a time-consuming manual process that requires complex f… | Uses Microsoft 365 Copilot to analyze raw cube data, generate summary reports and suggestions, a…","Microsoft 365 Copilot, Excel, VBA Macro."
AI & Audit Automation,Tax Assistant GPT (TAXGPT),CA. Bina Shah,2025-09-25,321.0,OK,7.31,"OK: Tax professionals need accurate, legally precise, and structured responses to queries related to Indian direct taxation. | A specialized AI-powered research assistant rooted in the Income Tax Act, 1961, and judicial precedents. It uses N…","Specialized AI Model, Natural Language Processing (NLP)."
AI & Auditing,Automation of Form 15CB Utility Using Excel VBA,CA. NISHANT KULKARNI,2025-09-25,325.0,OK,7.03,"OK: Preparation and filing of Form 15CB involves manual, repetitive data entry from working sheets into the Income Tax Department's Java util… | An Excel-based automation tool with VBA scripts that reads remittee-wise details and auto-fills …","MS Excel, VBA Macro, SendKeys."
AI & Audit,AI-Powered CXO: A Game-Changer for MSMEs,CA Manish Bhansali,2025-10-03,350.0,OK,6.84,"OK: MSMEs lack the resources for dedicated teams (analysts, marketers) and rely on the owner's instinct, leading to untapped growth. | An intelligent platform that acts as a virtual CXO, providing Sales Analytics, Price Optimization, and Tar…","Custom GPT, Sales Analytics Platform."
AI & Auditing,Office Automation Hub: Bank Statement Analyser,Vaibhav Khanna,2025-09-25,341.0,OK,7.25,OK: Manual analysis of bank statements is tedious and inefficient for audit and forensic purposes. | An automated hub that ingests bank statement data and performs analytical functions quickly for auditing and reconciliation.,"Automation scripting, Analytics Tools."
AI & Audit Automation,"Note-Mitra AI: Private AI Secretary That Listens in Your Language and Writes Smart Documents, All Offline (Greand finale)",CA. Ankush Jain,2025-09-17,495.0,Useful,8.08,"Useful: The need for a private, confidential, and multi-lingual AI secretary for CAs that operates entirely offline to ensure data security. | Note-Mitra AI is a private, offline AI secretary that listens in the user's language and writes smart …","Local LLMs, Offline AI Framework."
AI & Audit Automation,"Litigaid - ""Your AI Aid in Tax Litigation (Grand Finale)",CA Chinmayy Pathak,2025-09-17,401.0,Useful,7.7,"Useful: Professionals need quick, reliable, and contextual support in tax litigation research and drafting. | Litigaid is an AI tool designed to assist with tax litigation by providing quick access to relevant case laws and legal provisions to sup…","AI/RAG System, Legal Knowledge Base."
AI & Audit,NotebookLM Knowledge Management – (How AI Helps Chartered Accountants Manage Information - A simple guide to using AI tools like Google NotebookLM),CA. Sk Abu Saqueeb,2025-09-15,590.0,OK,7.34,"OK: CAs struggle with managing and retrieving information from vast internal documents, research papers, and legal materials. | Demonstrates using Google NotebookLM to upload and process large volumes of internal documents to create a person…","Google NotebookLM, RAG (Retrieval-Augmented Generation)."
AI & Audit,AI-Powered RBI Card Dashboard: Transforming Financial Insights with Agentic AI,CA. Vinod Choudhary,2025-09-17,526.0,OK,7.03,"OK: Financial professionals need actionable, real-time insights from raw data (like RBI card statistics), but traditional BI dashboards are s… | An interactive dashboard that combines RBI data with Agentic AI (Gemini) and an orchestration la…","Agentic AI (Gemini), n8n (Workflow Orchestration), SQL Database."
AI & Audit,Client Compliance Reminder Bot (Google Apps Script + Gmail + Twilio,CA. Tanwar Ratan Singh,2025-09-17,476.0,OK,6.63,OK: Manual client follow-ups for compliance documents and payments via traditional means are inefficient and poorly tracked. | An automated reminder system using Google Apps Script to read due dates from a Google Sheet and trigger personaliz…,"Google Apps Script, Google Sheets, Gmail, Twilio."
AI & Internal Audit and Assurance,: RPA for EIR and Amortisation Schedule,CA .INDERJEET BAMRAH,2025-09-17,482.0,Useful,7.52,"Useful: Calculating the Effective Interest Rate (EIR) and generating Amortization Schedules is a repetitive, data-intensive task prone to manual … | Uses Robotic Process Automation (RPA) to automate the end-to-end process of inputting loan detai…","RPA Software (e.g., UIPath, Power Automate)."
AI & Auditing,"Title: Work Smartly Across Word , Excel and Powerpoint -Copilot",CA Siddharth Agrawal,2025-09-17,453.0,Useful,7.84,"Useful: Professionals waste time manually synthesizing data and creating presentations across the Microsoft Office suite. | Demonstrates using Microsoft 365 Copilot to automate tasks across Word, Excel, and PowerPoint, such as summarizing docume…","Microsoft 365 Copilot, Word, Excel, PowerPoint."
AI & Audit Automation,AUTOMATED REMINDER MESSAGING VIA WHATSAPP USING PYTHON,CA Dinesh Kumar Kothari,2025-09-17,480.0,Highly Useful,8.78,"Highly Useful: Manual sending of personalized client reminders (e.g., SIP/insurance payments) via WhatsApp is time-consuming and non-scalable. | A Python + Selenium solution that reads client data from Excel, auto-prepares personalized messages, sends …","Python (Pandas, Selenium), WhatsApp Web."
AI & Robotics,Conversational & Agentic Automation for Modernizing CA Consultancy,CA Shubham Patel,2025-09-17,3372.0,OK,7.16,"OK: CA consultancy models are limited by human bandwidth, leading to inconsistent advice and slow response times. | Utilizes Conversational and Agentic Automation (AI Agents) to modernize client interaction, ensuring rapid, consistent, and p…","AI Agents, Conversational Platforms."
AI & Audit Automation,"Create your TaxLens: Simplifying Tax Review, Instantly",CA. Vishnu Manickam Ganesan,2025-07-23,2060.0,Useful,8.59,"Useful: Verifying whether income credited to a partner (from firm ITR JSON) is reflected in their individual return is a manual, time-consuming t… | Uses a Python script generated via ChatGPT to extract specific partner and firm details from mul…","Python, ChatGPT, ITR JSON Files."
AI & Digital Transformation,TallyGPT: Transforming Accounting Systems with Smarter AI- Finance Tools,CA. Ankush Jain,2025-07-04,4383.0,Useful,7.89,Useful: Traditional Tally TDL development is complex and slow; there's a need to connect Tally data for advanced analytics. | A platform that connects Tally ERP with AI tools (Claude) for data analytics and rapid TDL creation via natural languag…,"Claude Desktop, MCP Tools, Tally XML/ODBC."
AI & Accounting,Appealyzer,CA Chinmay Pathak,2025-07-04,2073.0,OK,7.3,"OK: Tax practitioners often lack access to expensive research platforms and struggle to manually read and analyze lengthy daily ITAT orders. | A free, web-based tool that automates fetching, analyzing, and summarizing daily ITAT Pune orders.…","Web-based Tool, AI/NLP Engine."
AI & Data Science,Leveraging Python for Advanced Calculations and Predictive Analysis,CA VISHNU MANICKAM,2025-06-22,1931.0,Highly Useful,8.99,"Highly Useful: Relying solely on Excel for complex financial calculations and predictive analysis limits the scope and accuracy of financial advisory. | Demonstrates using Python libraries for advanced calculations, statistical modeling, and predictive…","Python (Pandas, NumPy, Scikit-learn)."
AI Articles,"(AI Enthusiast, AI Level 1, Forensic & Ind AS Certified) (Grand Finale)",CA KUMAR VENKATESH B,2025-09-17,1510.0,OK,6.74,"OK: (Grand Finale paper context) | Likely discusses the journey and application of AI in various domains of CA practice, incorporating learning from the AI Enthusiast and L…",Broad range of AI tools/technologies.
AI & Accounting,End-to-End GST Compliance Automation via AI Agent using Microsoft Power Platform,CA Jawed Mohammad,2025-06-18,3143.0,OK,6.77,"OK: Automating GST compliance end-to-end, especially for presumptive taxation clients who don't maintain regular books. | A low-code/no-code AI Agent using Microsoft Power Platform that automates the GST cycle: email trigger, AI-powered invo…","Microsoft Power Platform, AI Builder (PAC), Power Automate Desktop, Excel Cloud."
AI & Accounting,Tax Assistant : AI for Automated Replies & Litigation Research,CA Harshali Salvi,2025-06-18,2007.0,Useful,8.35,"Useful: AI hallucination in legal content and the time-consuming, repetitive task of drafting replies to tax notices. | An AI-based assistant using Google Gemini, Streamlit, and a ChromaDB case law search chatbot. It avoids hallucination and gen…","Google Gemini 1.5, ChromaDB, Python/Streamlit."
AI & Accounting,Automating client communication & Creating client portal for balance reconciliation,CA. Ihsan Muhammed,2025-06-16,1700.0,Useful,7.72,"Useful: Manual, scattered communication for balance confirmations and reconciliations is inefficient and poorly tracked. | Creates an automated system and client portal to streamline communication for balance confirmation requests and reconcilia…","Web Portal/App, Email Automation."
AI & Accounting,Project Title: Smart Banking Analytics Tool for Cooperative Bank Audit,CA Ashwini Hegde,2025-06-16,1263.0,Useful,8.0,"Useful: Cooperative Bank Audits require specific analytical tools for compliance and risk assessment. | A smart tool designed to analyze banking data for cooperative banks, focusing on identifying compliance gaps, credit risk, and other audi…",Analytics platform/tool customized for cooperative banking regulations.
AI & Auditing,AI-Powered GST Invoice OCR + Tally Integration System,CA Prakash Thakkar,2025-06-14,2315.0,Highly Useful,9.04,Highly Useful: Manual data entry from GST invoices into accounting software (Tally) is slow and error-prone. | An AI-Powered OCR system that automatically extracts data from GST invoices and integrates it seamlessly into Tally ERP.,"OCR Technology, Tally Integration Module."
AI & Accounting,No More Scrolling-AI's got your Audit covered,CA Harshil Hakani,2025-09-17,1493.0,Useful,8.19,"Useful: Auditors waste significant time scrolling through lengthy financial documents and ledger accounts to find evidence and anomalies. | An AI-tool that quickly scans and analyzes documents/ledgers, highlighting key transactions, anomalies, a…",AI/NLP Document Analyzer.
AI & Accounting,Automated Mapping of Old Financial Statements to ICAI-Compliant Format,CA. Preity Nagi,2025-06-10,5428.0,OK,6.68,OK: CA firms struggle to transition clients' legacy Excel financial records to the new ICAI-compliant format (effective FY 2024–25). | A fully automated mapping solution built in Excel with VBA macro. It uses a structured mapping logic to co…,"MS Excel, VBA Macro, ChatGPT-4 (for script fine-tuning)."
AI & Audit,"Tranze.io Hackathon Presentation Summary – ICAI AI Hackathon, 6 June 2025",CA. Kethaan Parakh,2025-06-10,982.0,Highly Useful,9.08,"Highly Useful: (Hackathon presentation summary) | Provides a summary of the solution presented by Tranze.io at the ICAI AI Hackathon on June 6, 2025.","Tranze.io Platform, AI/Automation technologies."
AI & CA Profession,AI Use Case: AIFinChat – An Accounting Catalyst,CA. Kushwanth AVSR,2025-06-09,1053.0,Useful,8.14,Useful: Bridging the gap between traditional bookkeeping systems (Tally) and intelligent query resolution. | An AI-powered chatbot framework that integrates with Tally ERP via XML to allow users to chat with their books of accounts in natural lan…,"Python, React, Gemini AI API, Tally XML Integration."
AI & Data Analytics,Revolutionizing Consultancy through Interactive AI Avatar Agents,CA Shubham Patel,2025-06-09,1237.0,Useful,8.16,"Useful: Time constraints, repetitive queries, and complexity limit CA consultants' bandwidth. | An AI-powered system using interactive avatars that provide 24x7 real-time, human-like, multilingual guidance on tax, compliance, and fin…","LLMs, RAG, Azure OpenAI APIs, Multilingual TTS/STT pipelines."
AI & GST,Agentic AI RAG: Chat with Any Content,CA. Ganapathy Palanimuthu,2025-06-09,947.0,Useful,8.51,"Useful: Traditional RAG systems give shallow, untrustworthy, and untraceable answers, especially for complex, time-aware queries (e.g., fiscal pe… | An advanced, auditable framework that uses Agentic AI (LangChain/LangGraph) to intelligently bre…","Agentic AI (GPT/Claude), LangChain/LangGraph, ChromaDB (Vector DB)."
AI & Excel,Automated Audit Query Communication System,CA Ekant Toshniwal,2025-06-09,1138.0,Useful,7.57,"Useful: Traditional audit query communication (email) leads to delayed responses, lack of tracking, and inefficient follow-ups, jeopardizing the … | A Google Workspace-based system that uses Google Sheets as a central tracker and Google Forms (w…","Google Sheets, Google Forms, Google Apps Script."
AI & Accounting,Creating a dashboard for Risk Matrix instantaneously using VBA Summary:,CA Priya Seht,2025-06-09,1707.0,OK,6.36,"OK: Manually building and updating visual dashboards for the Risk Control Matrix (RCM) in Excel is time-consuming. | Uses ChatGPT to generate VBA code that dynamically reads RCM data (categorizing risks as High/Medium/Low, Pass/Fail status) …","MS Excel, VBA Macro, ChatGPT (for code generation)."
AI & Audit Automation,Leveraging AI for GST Automation and Reconciliation,CA Rahul Gabhawala,2025-06-09,11194.0,Useful,8.35,"Useful: Need for comprehensive automation of GST compliance, from portal downloads to Tally reconciliation. | Uses Selenium to automate the GST portal login/data download, Tabula for PDF-to-CSV conversion, and ODBC + VBA/XML to pull Tally daybook …","Selenium, Tabula, ODBC, VBA/XML."
AI & Accounting,AI Based Identification of Short-Deduction / Non-Deduction of TDS,CA. Swanand Walimbe,2025-06-09,1770.0,Useful,8.64,Useful: Manual verification of TDS short-deduction/non-deduction against complex Income Tax provisions is prone to errors and omissions. | Leverages Perplexity AI to analyze vendor-wise expense data (extracted from Tally). The AI uses NLP and Kn…,"Perplexity AI, Tally ERP, NLP, Knowledge Graphs."
AI & Accounting,AI for automating partnership agreements (APA),CA. Chinmayy Pathak,2025-05-30,1516.0,OK,7.27,OK: Drafting partnership agreements is a repetitive process involving manual editing of templates and data entry. | Automates agreement generation using Google Forms for data input. Google Apps Script automatically replaces placeholders in a…,"Google Forms, Google Sheets, Google Docs Template, Google Apps Script."
AI & Accounting,Development of AI-Based RCM Applicability Checker Tool: A Step-by-Step Process,CA. Navya Malhotra,2025-05-29,1780.0,OK,7.25,"OK: Determining the applicability of the Reverse Charge Mechanism (RCM) under GST for service transactions is complex and needs quick verific… | An intelligent, user-friendly tool developed using Claude.ai that determines RCM applicability b…","Claude.ai, ChatGPT, NotebookLM."
AI & Accounting,"Solution is not an app, or a service, only technology implementation",CA. Krishna Soni,2025-05-29,1017.0,Useful,8.05,Useful: (Conceptual/Technical paper) The problem is relying on commercial apps/services rather than leveraging technology directly within the pra… | Emphasizes that the true value is in technology implementation and integration into existing CA …,"Conceptual Frameworks, Implementation methodologies."
AI & Audit Automation,Streamlining GST ITC Reconciliation: A ChatGPT-powered solution,CA Poorva Chube,2025-05-27,1848.0,Useful,8.63,"Useful: Manual GST ITC reconciliation is tedious, requiring complex VLOOKUPs and formulas in Excel. | Uses ChatGPT to generate complex Excel formulas and logic that automate the reconciliation of GST Input Register and GSTR-2B directly wit…","ChatGPT, MS Excel."
AI & Accounting,Automated extraction of Income Tax Return Filing Status.,CA. Suraj Gupta,2025-05-27,1549.0,Useful,8.24,"Useful: Manually recording and reviewing the ITR filing status for dozens of clients is laborious and error-prone. | An automated workflow using Microsoft Power Automate to log into the IT Portal, capture a PDF snapshot, and use OCR via a Python…","Microsoft Power Automate, OCR, Python, ChatGPT."
AI & Audit Automation,RCM Auto Invoice Generator: Streamlining GST compliance with Python,CA Harshit Malviya,2025-05-26,2041.0,Highly Useful,8.81,"Highly Useful: Manually generating RCM self-invoices is a repetitive compliance task that consumes time. | A system using Python to automatically generate RCM self-invoices based on input data, streamlining GST compliance.","Python script, Invoice Generation Library."
AI & Auditing,Using AI to Create and Leverage a Database of Real-Time Client Conversation for a Custom ChatGPT Assistant,CA Krupal Shah,2025-05-20,1122.0,Useful,8.24,Useful: Firms lack a customized AI assistant trained specifically on the firm's unique client interactions and protocols. | Creates a custom RAG system (Custom ChatGPT Assistant) trained on a database of the firm's real-time client conversations…,"Custom ChatGPT, RAG System, Client Conversation Database."
AI & Excel,FAR extraction and preparation,CA. Raghav mundhra,2025-05-19,1251.0,Useful,7.62,"Useful: Preparing the Fixed Asset Register (FAR) from client documentation (e.g., thousands of work completion memos) requires manual, lengthy co… | Uses GPT-4 to analyze work completion memos, identify common vs. unique assets, allocate costs, …","GPT-4, Prompt Engineering."
AI & Audit Automation,Bank Data Audit Analysis with Quadratic AI and ChatGPT,CA Vidyawati Nirbhay Wange,2025-05-19,1274.0,Highly Useful,8.86,"Highly Useful: Bank audits face challenges with data confidentiality, audit sampling, and IRAC compliance analysis. | Leverages Quadratic AI and ChatGPT for data masking, IRAC filtering, and Stratified Random Sampling for risk-based audit selection on …","Quadratic AI, ChatGPT, Python, Excel."
AI & Accounting,EasyRecon: Offline GST Reconciliation Tool for Chartered Accountants,CA Ashwini Hegde,2025-05-19,5387.0,Highly Useful,8.77,"Highly Useful: Manual, error-prone, and time-consuming reconciliation of GSTR-2A, GSTR-2B, and the Purchase Register. | A Python-based desktop application (EasyRecon) that operates offline for maximum data privacy. It cleans data, automates reconciliat…","Python, CustomTkinter (GUI), Pandas, PyInstaller."
AI & Accounting,AUTOMATED LEDGER & VOUCHER SCRUTINY IN ONE CLICK,CA KUMAR VENKATESH BORRA,2025-05-19,3292.0,Useful,7.84,"Useful: Year-end audits require high-volume scrutiny of ledgers and vouchers, complicated by limited time and large datasets. | Automates rule-based ledger and voucher scrutiny using Excel VBA. AI assists in transforming audit rules into executa…","MS Excel, VBA Macro, AI (for code generation/updates)."
AI & Data Analytics,AI-Powered WhatsApp Automation Tool for Professionals,CA Ratan Singh Tanwar,2025-05-19,2218.0,Useful,8.64,"Useful: Manual management of client communication and reminders via WhatsApp is inefficient. | A tool that automates personalized messaging and reminders via WhatsApp, helping professionals manage and track client communication effi…","WhatsApp API (or equivalent automation), AI scripting."
AI & Accounting,USE CASE DOCUMENT: Topic: 24/7 AI Chatbot for Chartered Accountants – Automatic Client Query Handling,CA. Gurveen Narang,2025-05-19,2634.0,OK,7.11,"OK: CAs spend significant time on routine client query handling, limiting focus on high-value work. | A 24/7 AI Chatbot designed as an automatic client query handler, providing instant and accurate answers to common questions about complia…","AI Chatbot Framework, Knowledge Base."
AI & Data Analytics,QUADRATIC AI TOOL FOR DATA ANALYSIS,CA Poonam Tawri,2025-05-19,23725.0,Highly Useful,8.76,"Highly Useful: Data analysis and data management of tabular data is a lengthy and time-taking process. | A tool that allows users to analyze any tabular data easily via natural language prompts. It supports data import from multiple sources, …","Quadratic AI Tool, Excel, MySQL, Python Code Editing."
AI & Excel,Automating GST Compliance with Selenium VBA,CA. Jawed Mohd Chouhan,2025-05-13,2130.0,OK,7.49,"OK: GST compliance requires repetitive manual interaction with government web portals. | Automates GST compliance processes using Selenium, controlled via VBA macros in Excel, to interact with web portals, enter data, or downl…","Selenium, VBA Macro, MS Excel."
AI & Audit Automation,Transforming GST Compliance: An Intelligent ITC Reconciliation Solution,CA. Abdul Kuddus Arbi,2025-05-13,3135.0,OK,7.28,OK: Reconciliation of Input Tax Credit (ITC) is complex and prone to errors. | An intelligent solution that automates the ITC reconciliation process using advanced data matching techniques.,"Intelligent Data Matching Algorithms, Automation Platform."
AI & Data Management,Privacy-First AI: Deploying Local LLMs on Windows,CA. ANKUSH JAIN,2025-05-13,1885.0,Useful,8.25,"Useful: Data confidentiality concerns prevent CAs from using powerful, cloud-based LLMs for sensitive client data processing. | Provides a step-by-step guide on how to deploy and run Local Large Language Models (LLMs) on a standard Windows PC, e…","Local LLMs, Windows OS, Deployment Frameworks."
AI & CA Profession,Smart Bank Statement Analysis Tool (with AI-Aided Automation),CA. Harshali Salvi,2025-05-13,7456.0,OK,6.86,"OK: Manual analysis of bank statements is time-consuming and often fails to uncover hidden patterns or anomalies. | A smart tool that uses AI-aided automation to analyze bank statement data, providing insights for audit, fraud detection, and…","AI Analysis Engine, Automation Scripting."
AI & Accounting,Developing a Stock Audit app for the CA Fraternity,CA. Vishal Singla,2025-05-07,1619.0,Useful,7.73,Useful: Stock audits are often manual and lack standardized digital tools for verification and reporting. | Development of a dedicated mobile/web application for performing and managing stock audits efficiently.,"Mobile/Web Development Frameworks, Digital Checklist/Reporting System."
AI & Audit,Specializing in financial Systems Strengthen and Compliances,CA Deepa Bansal,2025-05-07,951.0,OK,7.13,OK: (Abstract title) | Focuses on leveraging AI to strengthen financial systems and enhance compliance monitoring and reporting.,"AI/ML, Compliance Software."
AI & ChatGPT,Revolutionizing DPR (Detailed Project Report) Preparation with AI (CA GPT Industry forum Hotel & Restaurant),CA. VIKRAM KUMAR DEVNANI,2025-05-05,4570.0,Useful,8.2,"Useful: Traditional DPR preparation is complex and takes 4-6 weeks due to manual data collection, analysis, and forecasting. | Uses CA GPT (an AI-powered financial analysis tool) to automate the entire process, including OCR data extraction, pre…","CA GPT, AI-OCR, Predictive Analytics."
AI & Accounting,How to Deploy Your Firebase Task Manager with Telegram Integration,CA .Ihsan Muhammed,2025-05-04,893.0,Useful,8.45,"Useful: CAs need a simple, accessible way to manage tasks and receive notifications. | Demonstrates deploying a task manager using Firebase and integrating it with Telegram to send notifications and manage tasks directly thr…","Firebase, Telegram API."
AI & Accounting,AUTOMATION FOR OUTSTANDING REMINDERS,CA. HARSHIL HAKANI,2025-05-04,1254.0,Highly Useful,9.19,Highly Useful: Manually tracking and sending outstanding fee reminders is inconsistent and time-consuming. | Automates the process of tracking outstanding payments and sending personalized reminders to clients.,"Automation Scripting (likely VBA/Python), Email/SMS integration."
AI & Accounting,Empowering Chartered Accountancy Firms through Artificial Intelligence: “The Practice Management CA BOT”,CA. Pratik Sadrani,2025-05-04,1536.0,Useful,7.87,"Useful: Need for an intelligent assistant to streamline day-to-day practice management tasks. | Development of a Practice Management CA BOT designed to handle administrative queries, manage schedules, and assist with documentation.","AI Chatbot, Practice Management Software Integration."
AI & Accounting,Automating Document Collection for ITR Filing (FY 2024–25),CA Rahul Batra,2025-05-08,2845.0,Useful,7.56,"Useful: Collecting documents from clients for ITR filing is a significant manual bottleneck. | Automates the document request and collection workflow, ensuring clients submit all necessary documents efficiently and on time.","Workflow Automation, Client Portal (or shared drive)."
AI & Audit Automation,Cognitive AP - Intelligent Invoice Automation,CA.Saloni Kankariya,2025-05-08,1289.0,Useful,8.19,"Useful: Manual processing of Accounts Payable (AP) invoices is slow and error-prone. | An intelligent automation system that uses OCR/Cognitive AI to ingest invoices, extract data, perform validation, and integrate with ERP/…","OCR/Cognitive AI, AP Automation Platform."
AI & Audit Automation,SMART GST: AI Powered Circular Summarizer,CA Mary Brinda John Wilson,2025-05-08,2482.0,OK,7.3,"OK: Keeping up with frequent changes and updates in GST circulars and notifications is challenging. | An AI-powered tool that automatically reads and summarizes new GST circulars into concise, actionable insights.","AI/NLP Summarization Engine, GST Database."
AI & Audit,Streamlining Monthly GST Compliance: Automating Client Document Collection,CA . Amogh H A,2025-05-08,1664.0,OK,7.38,"OK: CAs spend valuable time manually procuring monthly GST documents (Sales/Purchase Registers, Bank Statements) from clients. | Automates document collection using Google Sheets, Google Forms, and Google Apps Script to systematically reques…","Google Forms/Sheets, Google Apps Script, GPT."
AI & Audit,Harnessing AI for Smarter Forensic Audits,CA . MADHURI MURALIDHAR,2025-05-08,1207.0,Useful,7.74,"Useful: Traditional forensic audit methods are often slow and cannot handle large volumes of unstructured data effectively. | Application of AI to enhance forensic audits, focusing on anomaly detection, pattern recognition, and rapid analysis of…","AI/ML Models, Data Analytics Platforms."
AI & GST,Bot Advising on Indirect Taxation,CA. Akash Srivatsan,2025-05-08,991.0,Useful,7.55,"Useful: Need for quick, reliable advisory support on complex Indirect Taxation (GST) queries. | A specialized bot trained on indirect tax laws to provide instant, accurate answers and guidance.","Conversational AI Bot, Indirect Tax Knowledge Base."
AI & Excel,HOSPITAL PREDICTIONS AND ANALYSIS USING TRENDS AND PATTERNS,CA.Shekhar Hanuman Sane,2025-05-02,1380.0,Useful,7.87,"Useful: Analyzing hospital data to forecast trends and make data-driven decisions. | Uses Excel's capabilities, combined with AI or advanced formulas, to analyze historical hospital data and predict future outcomes (e.g., …","MS Excel, Prediction Models/Algorithms."
AI & Data Analytics,AI-Powered Digital Membership for CPE Study Circle: Use Cases,CA Prakash Thakkar,2025-04-15,1290.0,OK,6.83,"OK: Modernizing Continuing Professional Education (CPE) delivery and engagement. | Implementation of an AI-powered digital membership platform for CPE study circles, offering personalized learning, content recommendation…","Digital Membership Platform, AI/ML."
AI & Excel,FIN FORMAT GPT,CA. INDERJEET KAUR BAMRAH,2025-05-02,3397.0,Useful,7.89,Useful: Standardizing and formatting financial data for consistency across different clients. | Uses a specialized GPT (FIN FORMAT GPT) to assist in quickly formatting and structuring financial reports and data according to required …,"Custom GPT, MS Excel."
AI & Data Analytics,Tax Audit Reporting Using Python,CA. Vishnu Manickam Ganesan,2025-05-02,2644.0,Useful,8.41,Useful: Manually preparing Tax Audit reports and annexures is time-consuming and tedious. | Automates the creation of Tax Audit reports and the extraction of necessary data from financial records using Python.,"Python (Pandas), Data Extraction Libraries."
AI for Financial Advisory and Decision-Making,AI Agents + RAG + Custom LLM for Financial Research & Compliance Chatbot,CA. Shubham Patel,2025-05-02,1858.0,Useful,8.02,"Useful: Need for a highly contextual and reliable chatbot for complex financial research and compliance. | Builds a system using AI Agents, RAG, and a Custom LLM trained on specific financial and compliance data.","AI Agents, RAG, Custom LLM."
AI & Audit,Leveraging AI and Automation in Bank Audits: A Practical Use Case in Identifying NPAs,CA. Preity Nagi,2025-05-01,2091.0,Useful,7.76,"Useful: Manually verifying compliance with IRAC norms and identifying Non-Performing Assets (NPAs) during bank audits is complex and tedious. | Uses AI and automation to analyze large loan datasets, apply IRAC criteria, and instantly flag potent…","AI/ML Models, Automation Scripts."
AI & ChatGPT,How ChatGPT Enhances Financial Modelling & Reporting for Modern Chartered Accountants,CA. Rishi Arora,2025-05-01,1359.0,Useful,7.56,"Useful: Financial modeling and reporting are skill-intensive and time-consuming. | Demonstrates how ChatGPT can be used as a co-pilot to enhance the speed and accuracy of financial modeling, scenario analysis, and report…","ChatGPT, Excel/Modeling Software."
AI & Excel,AI-Powered PAN Verification Engine (MS Excel Use Case),CA.Vikal Jain,2025-05-01,1801.0,OK,7.42,OK: Manually verifying a large list of PANs is a compliance bottleneck. | An MS Excel-based engine that uses AI assistance (likely API integration) to automatically verify the validity and status of a list of PANs.,"MS Excel, AI API Integration."
AI & Accounting,Grow your Accounts Outsourcing Practice,CA.Kethaan Parakh,2025-04-08,1505.0,Useful,7.52,"Useful: Scaling an accounts outsourcing practice efficiently. | Use of AI and automation to streamline repetitive client accounting tasks, enabling the practice to handle more volume with the same reso…","Automation Tools, Accounting Software."
AI for Chartered Accountants,AI-Powered Mentoring for Gen Z Chartered Accountants,CA.GANAPATHY PALANIMUTHU,2025-05-01,1085.0,OK,6.76,"OK: Providing scalable and personalized mentorship to junior CAs and Gen Z entrants. | An AI-powered mentoring platform that offers guidance, knowledge retrieval, and career path advice tailored to individual needs.","AI Mentoring Platform, LLMs."
AI & Data Analytics,Python based PDF processing tool,CA.Ekant Toshniwal,2025-05-01,1983.0,Highly Useful,9.56,Highly Useful: Extracting structured or unstructured data from PDF documents. | A Python-based tool that uses libraries like PDFPlumber or Tesseract to process and extract data from various types of PDF documents.,Python (PDFPlumber/Tesseract).
AI & Excel,Use AI For Chrome Automations,CA. Rahul Gabhawala,2025-05-01,2586.0,Useful,7.53,"Useful: Automating repetitive web-based tasks (e.g., portal logins, data scraping) that run in the Chrome browser. | Uses AI to write scripts or commands that automate interactions within the Chrome browser.","AI Scripting, Chrome Automation Tools (e.g., Selenium/Playwright)."
AI & Excel,AI-Assisted Debugging and Optimization of FIFO-Based Raw Material Allocation in Excel VBA for preparing data for ITC 04.,CA. HRUSHIKESH CHINCHOLKAR,2025-05-01,819.0,OK,7.3,"OK: Complex FIFO-based raw material allocation logic in Excel VBA is prone to bugs and difficult to optimize. | Uses AI assistance (e.g., ChatGPT) to debug and optimize existing VBA code that handles complex allocation logic for data prepara…","AI Debugging/Optimization, MS Excel, VBA Macro."
AI for Financial Advisory and Decision-Making,AI-Powered Financial Forecasting & Analysis,CA.Pradeep Tayal,2025-05-01,2752.0,Useful,8.47,"Useful: Traditional financial forecasting methods are often inaccurate, resource-intensive, and fail to adapt to changing conditions. | An innovative solution using Python and Streamlit that employs multiple forecasting models (ARIMA, Prophet, X…","Python, Streamlit, Machine Learning Models (ARIMA, XGBoost)."
AI & Data Analytics,CA BOT - A PERSONAL ASSISTANT,CA.Kushwanth AVSR,2025-05-01,1880.0,OK,6.88,"OK: Need for a general-purpose, intelligent assistant to handle daily administrative and data tasks for CAs. | A dedicated CA BOT acting as a personal assistant, handling routine queries, scheduling, and information retrieval.","AI Chatbot, LLM Integration."
AI & Data Analytics,Power Tally BI TDL,CA. Rathinagiri Subbiah,2025-05-01,3454.0,Highly Useful,9.35,Highly Useful: Extracting actionable Business Intelligence (BI) from Tally data is not native to the software. | A Tally Definition Language (TDL) component that enables the extraction of data from Tally in a structured format suitable for visualizat…,"Tally TDL, BI Tools (Power BI)."
AI & Excel,Automated Link Updation of Folders and files in an Excel sheet / compression of Folder in to RAR File Format / Email Sending on just Single Click.,CA Ravi Kumar Patidar,2025-05-01,1461.0,OK,7.17,"OK: Manual management of file links, compression, and bulk email sending from Excel for client communication is tedious. | Uses Excel VBA Macros to perform three core automation tasks with a single click: updating file links in a sheet, comp…","MS Excel, VBA Macro."
AI & Accounting,Automating Balance Confirmation request Letters using AI,CA. Anshu Agarwal,2025-05-01,2799.0,Useful,7.85,Useful: Manually drafting and sending Balance Confirmation Request letters for numerous clients is a repetitive task. | Automates the creation and dispatch of personalized Balance Confirmation Request letters using AI-assisted tools.,"AI/Automation Scripting, Email Integration."
AI & Excel,Automating Bulk Email Sending with Excel Macro Using ChatGPT,CA. Priya Seht,2025-05-01,1269.0,Useful,7.76,"Useful: Sending bulk, personalized emails (e.g., reminders, requests) from client lists in Excel is tedious. | Uses ChatGPT to generate the necessary Excel VBA Macro code for automating the bulk sending of personalized emails directly from the d…","MS Excel, VBA Macro, ChatGPT (for code generation)."
AI Tool Basics for CA,TRANSFORM DAY TO DAY PRACTICE TO WORLD CLASS LEVEL WITH AI.,CA.Balaji K,2025-05-01,1832.0,Useful,7.64,Useful: The problem is low efficiency and reliance on manual work in daily practice. | Focuses on foundational ways CAs can integrate AI tools to elevate their daily practice to a more efficient and world-class standard.,General AI Tools/Workflows.
AI & GST,AI Based Identification of Ineligible GST ITC,CA. Swanand Walimbe,2025-05-01,1948.0,Useful,7.69,"Useful: Manually identifying ineligible GST Input Tax Credit (ITC) as per complex GST provisions. | AI-based tool to analyze purchase registers and GSTR data, applying complex GST rules to flag potentially ineligible ITC.","AI/ML Models, GST Law Database."
AI & Income Tax Litigation,Auto Deadline Reminder System on Email – For Income Tax and GST,CA.Aashish Sachdev,2025-05-01,1711.0,OK,7.18,OK: Risk of missing crucial deadlines for Income Tax and GST compliance. | An automated system that sends personalized deadline reminders to clients and internal staff via email.,"Email Automation System, Calendar/Tracker."
AI in Finance,TheBricks.com: AI enabled Financial Dashboard,CA. Nandan Rao,2025-05-01,3986.0,Useful,7.79,"Useful: Need for real-time, intelligent financial oversight and decision support. | Development of TheBricks.com, an AI-enabled Financial Dashboard that provides instant and dynamic insights from financial data.","Financial Dashboard Platform, AI/BI Integration."
AI for Financial Advisory and Decision-Making,AI-Enabled Financial Insights Analyzer,CA.Karthikeya Shenoy,2025-05-01,1257.0,Useful,8.68,"Useful: Extracting actionable, visual, and real-time insights from financial software for better decision-making. | An AI-powered analyzer that integrates via ODBC with financial software to provide visualizations, KPIs, and a dual-mode chatbot …","OpenAI API Chatbot, ODBC Integration, Financial Visualization Tools."
AI for Chartered Accountants,How Chartered Accountants Can Build Their Own Desktop Apps Without Coding Background,CA.Pranav P Tulshyan,2025-05-01,3771.0,OK,7.05,OK: CAs without coding background want to create custom software solutions for their specific professional needs. | Provides a step-by-step guide on how CAs can build their own desktop applications using no-code/low-code tools or AI-assisted…,"No-Code/Low-Code Platforms, AI Code Generators."
AI & Audit,Automating Audit Using AI,CA. Prabhaw Agarwalla,2025-05-01,2275.0,OK,7.45,"OK: General inefficiency and repetitive tasks in the audit process. | Implementation of AI to automate various audit procedures, from data extraction to analytical review.","Audit Automation Software, AI-driven sampling."
AI for Financial Advisory and Decision-Making,Financial Analysis on Autopilot: API Integration in Python and Power BI,CA. Anmol Lohia,2025-05-01,1309.0,Useful,8.04,Useful: Financial analysis is often manual and lacks real-time updates from source systems. | Automates financial analysis by using Python for API integration (to pull live financial data) and visualizing the results in Power BI.,"Python, API Integration, Power BI."
AI Tool Basics for CA,AI-Powered Conversational CFO Assistant,CA.Rameez Raja,2025-05-01,931.0,OK,7.25,"OK: CEOs/CFOs need instant, conversational access to key financial metrics and decision support. | An AI-Powered Conversational Assistant designed to answer high-level financial questions, acting as a virtual CFO.","Conversational AI, Financial Data Integration."
AI & Audit,Using AI in finalizing Internal Audit Assignment,CA Shubham Agrawal,2025-05-01,1457.0,Useful,7.73,"Useful: Finalizing internal audit reports and analysis is a complex process requiring high-level review. | Uses AI to assist in the finalization phase of internal audits, ensuring comprehensive coverage and accurate reporting of findings.","AI Review Tools, Report Generation Software."
AI & Accounting,AI-Powered Stock Sentiment Analysis,CA Shobhit Jain,2025-05-01,4581.0,OK,7.29,"OK: Gauging market sentiment quickly and accurately for investment decisions. | An AI-powered tool that analyzes news, social media, and other textual data to provide real-time Stock Sentiment Analysis.","NLP/Sentiment Analysis Models, Social Media/News APIs."
AI & ChatGPT,THE AI ARMY: CUSTOM GPTS EMPOWERING CHARTERED ACCOUNTANTS,CA Ankit Jallan,2025-05-01,1733.0,Useful,8.72,"Useful: General-purpose AI models are not tailored for specific CA workflows (e.g., GST, Income Tax, Audit). | Demonstrates how to create an ""AI Army"" of Custom GPTs—each specialized for a distinct area of CA practice—to empower professionals wi…","Custom GPTs, OpenAI Platform."
AI & Data Science,"AI Data Scientist, Transforming Internal Audit Analytics",CA Pradeep Gujaran,2025-05-01,4245.0,Useful,8.29,"Useful: Internal audit processes often rely on basic sampling and analytics, missing deeper patterns and anomalies. | Introduces the role and tools of an AI Data Scientist in internal audit, focusing on advanced analytics, anomaly detection, and…","Data Science Tools, AI/ML Platforms."
AI & CA Office Automation,AI AGENT FOR CA OFFICE AUTOMATION,CA. Vishnu Acharya,2025-05-01,8757.0,OK,6.85,"OK: Automating the entire front-to-back office workflow, from client contact to document generation. | An AI Agent that uses a Telegram Bot interface for client-facing communication. The agent uses an AI Conversation Engine to automatically…","Telegram Bot, AI Agent, Google Docs/Drive."
AI for Chartered Accountants,AI and Excel in Bank Audit: Enhancing Efficiency and Accuracy for Chartered Accountants,CA. Premnath Degala,2025-05-01,12299.0,Useful,8.61,"Useful: Bank audits are highly structured and involve processing large volumes of loan and transaction data, which is time-consuming in Excel. | Demonstrates how to use AI-assisted methods to enhance Excel-based processes in bank audits, focusin…","MS Excel, AI Tools/Scripts (Python, ChatGPT)."
AI for Chartered Accountants,AI Powering Efficiency: Revolutionizing Auditing with Power Query,CA. Shantam Agrawal,2025-05-01,5016.0,Highly Useful,9.09,"Highly Useful: Data preparation and cleaning in auditing is a major manual bottleneck. | Revolutionizing auditing efficiency by leveraging Power Query (within Excel/Power BI) for automated data extraction, transformation, and …","Power Query, Excel/Power BI."
AI & GST,How to USE AI to do Reconciliation of GST Input Register and with GSTR2B?,CA. Deepak Gupta,2025-05-01,17176.0,OK,6.87,"OK: The manual and often paid process of reconciling the GST Input Register with GSTR-2B. | Uses ChatGPT to generate VBA code to create a custom reconciliation tool in Excel. The tool removes special characters, creates unique ke…","ChatGPT, Excel VBA Macro."
AI & Data Analytics,Automate Email Attachment Processing with Power Query,CA Subachandran M,2025-05-01,4342.0,Useful,8.25,"Useful: Manually downloading and processing data from email attachments (e.g., client reports, MIS) is repetitive. | Automates the process of fetching email attachments and processing the data contained within them using Power Query.","Power Query, Email Connector."
AI & Accounting,Use Cases of AI in Accounting,CA. Kalpesh Kochar,2024-09-07,5823.0,OK,6.65,OK: (Conceptual/Presentation title) | A broad overview of practical applications and future possibilities for AI within the accounting profession.,General AI Applications.
AI for Chartered Accountants,AI in PowerBI for Advanced Data Visualization in Accounting and Auditing,CA. Pranjal Jain,2025-05-01,5953.0,Useful,8.2,"Useful: Generating deep, interactive data visualizations for stakeholders using traditional methods. | Demonstrates the use of AI features within Power BI to create advanced data visualizations for auditing and accounting reports.","Power BI, AI Visuals in Power BI."
AI for Chartered Accountants,Leveraging AI for Cash Flow Statement Preparation,CA. Arpit Taneja,2025-05-01,7239.0,Useful,7.83,Useful: Preparing the Cash Flow Statement is often complex and prone to manual misclassification. | Uses AI to automatically classify transactions and assist in the preparation of the Cash Flow Statement efficiently.,AI/ML Classification Models.
AI for Chartered Accountants,Automation using AI,CA. Lokesh Agrawal,2025-05-01,4895.0,OK,6.34,OK: (General title) | Focuses on the broader application of AI to automate various administrative and analytical tasks across a CA's practice.,"Automation Platforms, AI Scripting."
AI & CA Office Automation,Using AI to Transform the Peer Review Process in Accounting and Auditing,CA. Vijaya Srinivas Kothapalli,2025-05-01,5598.0,Useful,8.5,"Useful: The peer review process is often manual and subjective. | Uses AI to assist in the peer review process by automatically checking compliance against standards, consistency of documentation, and id…","AI Compliance Checkers, Document Analysis Tools."
AI for Chartered Accountants,"Enhancing Auditing Through AI: A Comprehensive Use Case of AI, Audit and Governance with ChatGPT Plus (4o)",CA. Rishir Soni,2025-05-01,6769.0,OK,6.62,"OK: (Comprehensive Use Case) | A detailed study on integrating ChatGPT Plus (4o) into auditing, emphasizing the intersection of AI, audit procedures, and governance fra…","ChatGPT Plus (4o), Audit Frameworks."
AI for Chartered Accountants,Co-pilot Blunt Prompts,CA. Dhananjay Gokhale,2025-05-01,3978.0,OK,7.25,"OK: Users struggle to get useful results from AI because of vague or poorly structured prompts. | Provides examples and guidance on writing ""blunt"" (clear, concise, and specific) prompts for Copilot or other AI tools to maximize effici…","Prompt Engineering Best Practices, Microsoft Copilot."
